CODIGO,CAT,NOMBRE,MUNICIPIO,DEPARTAMENTO,ELEV,LONGITUD,LATITUD,ENE,FEB,MAR,ABR,MAY,JUN,JUL,AGO,SEP,OCT,NOV,DIC,ANUAL
48015010,SP,A.Vasquez Cobo,Leticia,Amazonas,84,"69°56'27.3""W","4°11'37.9""S",4.3,4.1,4.2,4.7,4.7,4.9,6.1,6.4,5.9,5.5,5.2,4.5,5.0
23085030,CO,Alejandria,Alejandria,Antioquia,1660,"75°8'36.2""W","6°22'34.6""N",4.7,4.5,3.8,3.8,4.6,4.8,6.0,6.5,5.2,4.4,4.2,4.3,4.7
26195020,CO,Ita Andes,Andes,Antioquia,1180,"75°52'48.8""W","5°41'27.6""N",5.3,5.4,4.3,3.9,4.1,4.6,5.5,5.1,4.2,4.0,4.4,4.7,4.6
27025030,CO,Anori,Anori,Antioquia,1610,"75°9'1.9""W","7°4'19.0""N",4.5,3.9,3.2,2.9,3.7,5.1,5.9,5.4,4.0,3.3,3.5,3.7,4.1
12015020,AM,Uniban,Apartado,Antioquia,23,"76°39'5.0""W","7°49'34.0""N",5.2,4.9,4.0,3.6,3.9,3.2,4.2,4.3,4.0,4.4,4.6,4.5,4.2
12045010,CP,Arboletes,Arboletes,Antioquia,4,"76°25'21.8""W","8°50'47.9""N",7.1,6.9,6.1,5.0,4.7,5.1,5.2,5.2,4.8,4.8,5.9,6.3,5.6
27015090,CO,Tulio Ospina,Bello,Antioquia,1438,"75°33'9.0""W","6°19'16.0""N",6.0,5.3,5.2,4.4,4.8,5.8,6.7,6.2,5.3,4.3,4.6,5.3,5.3
26225040,CO,Piunti Hda,Buritica,Antioquia,1650,"75°54'46.7""W","6°43'46.2""N",4.2,4.1,3.6,2.9,3.0,2.8,3.9,4.2,3.4,2.8,2.9,3.1,3.4
27015260,AM,Salada La,Caldas,Antioquia,1680,"75°37'28.9""W","6°2'54.1""N",4.5,4.6,3.9,3.0,3.4,4.0,5.2,5.0,4.0,3.5,3.6,3.8,4.0
11115020,CO,Canasgordas,Canasgordas,Antioquia,1200,"76°1'47.0""W","6°45'29.0""N",5.4,5.2,4.7,3.6,3.7,4.3,4.8,4.5,4.0,3.6,4.1,4.5,4.4
12015070,SP,Apto Los Cedros,Carepa,Antioquia,19,"76°43'4.2""W","7°49'0.0""N",5.8,5.4,4.6,4.2,3.9,3.8,4.2,4.4,4.3,4.7,4.7,4.7,4.6
12015060,CO,Tulenapa,Carepa,Antioquia,30,"76°39'27.0""W","7°46'26.3""N",5.9,5.4,4.4,4.0,4.2,4.2,4.8,4.8,4.5,4.9,5.0,5.2,4.8
26255040,CP,Cacaoteras del Diq,Caucasia,Antioquia,55,"75°7'0.0""W","7°59'0.0""N",6.7,6.0,5.6,5.1,5.0,5.6,6.5,6.2,5.4,5.2,5.5,5.7,5.7
27045020,CO,Caseri,Caucasia,Antioquia,400,"74°56'1.4""W","7°48'32.4""N",6.1,5.5,4.0,3.8,4.6,5.0,6.0,5.8,4.7,4.7,4.7,5.1,5.0
12015090,CO,Palmera La,Chigorodo,Antioquia,58,"76°36'20.0""W","7°32'18.0""N",3.4,3.8,2.1,2.7,2.4,2.5,2.6,3.1,2.7,3.4,3.0,2.8,2.9
11025010,CO,Mansa La,Ciudad Bolivar,Antioquia,2100,"76°5'3.6""W","5°52'42.0""N",4.8,5.1,4.8,4.2,4.7,4.9,6.2,6.2,5.0,4.2,4.2,4.4,4.9
26215010,CO,Concordia,Concordia,Antioquia,1904,"75°55'11.0""W","6°2'23.0""N",5.1,5.2,4.5,3.7,4.1,5.4,6.1,5.5,4.8,3.7,3.6,4.1,4.7
26175040,CO,Tunez Hda,Fredonia,Antioquia,530,"75°39'3.5""W","5°48'0.7""N",6.5,6.4,5.7,5.0,5.2,5.9,6.6,6.4,5.6,5.0,5.5,5.9,5.8
11115040,CO,Musinga,Frontino,Antioquia,1330,"76°11'27.0""W","6°47'13.0""N",5.1,5.2,4.1,3.3,3.3,4.0,4.5,4.3,3.6,3.7,4.1,4.7,4.2
26195030,CO,Jardin El,Jardin,Antioquia,2005,"75°48'2.0""W","5°35'15.8""N",4.1,4.6,3.0,2.7,3.0,3.6,4.1,4.4,3.7,3.5,2.6,3.2,3.5
26195010,CO,Miguel Valencia,Jardin,Antioquia,1570,"75°51'0.0""W","5°32'0.0""N",4.8,5.0,4.8,4.2,4.4,5.6,6.0,5.5,4.5,3.8,4.3,5.0,4.8
26185020,CO,Mesopotamia,La Union,Antioquia,2314,"75°19'7.1""W","5°53'10.9""N",5.5,5.1,4.4,3.9,4.7,5.7,7.0,6.7,5.5,4.0,4.1,4.8,5.1
27015070,SP,A.Olaya Herrera,Medellin,Antioquia,1490,"75°35'20.3""W","6°13'14.2""N",5.5,5.4,4.8,4.1,4.5,5.5,6.4,6.0,4.9,4.3,4.5,4.9,5.1
12015010,CO,Villarteaga,Mutata,Antioquia,132,"76°29'0.0""W","7°21'0.0""N",3.9,3.7,3.1,2.7,2.7,2.5,2.7,2.6,2.6,3.0,2.9,3.1,3.0
12025030,CO,Mellito El,Necocli,Antioquia,10,"76°40'21.2""W","8°32'34.6""N",6.0,5.6,4.8,4.1,3.8,3.7,4.4,4.4,4.3,4.6,5.1,5.3,4.7
23095010,CP,Apto Pto Berrio,Puerto Berrio,Antioquia,150,"74°24'44.0""W","6°27'54.0""N",7.0,6.2,4.7,5.3,6.0,6.6,7.3,7.2,6.2,5.7,6.1,6.5,6.2
23175020,SS,Apto Otu,Remedios,Antioquia,718,"74°42'58.6""W","7°0'42.1""N",5.6,5.1,3.9,3.8,4.4,5.2,6.3,5.8,4.8,4.3,4.6,5.2,4.9
23085200,SP,A.J M Cordova,Rionegro,Antioquia,2073,"75°25'33.0""W","6°10'7.0""N",5.3,5.1,4.4,4.2,5.0,6.0,7.0,7.0,5.8,4.7,4.4,4.5,5.3
23085040,AM,Selva La,Rionegro,Antioquia,2090,"75°24'53.0""W","6°7'54.0""N",5.1,4.9,4.2,3.8,4.5,5.6,6.6,6.3,5.1,3.9,4.0,4.6,4.9
23085220,CP,San Carlos,San Carlos,Antioquia,1113,"75°2'20.1""W","6°9'27.6""N",4.3,4.2,3.5,3.5,4.5,5.3,6.4,6.2,5.0,4.1,3.6,3.9,4.5
23085210,CP,Violetas Las,San Rafael,Antioquia,1016,"75°0'10.0""W","6°20'56.0""N",4.9,5.0,4.4,4.5,4.9,5.5,6.4,6.2,5.6,4.8,4.4,4.2,5.1
23085080,CP,Nus Gja Exp El,San Roque,Antioquia,835,"74°50'12.0""W","6°29'9.0""N",5.9,5.6,4.2,4.6,5.3,6.2,6.9,6.7,5.8,5.2,4.9,5.2,5.5
23085160,CO,Corrientes,San Vicente,Antioquia,1950,"75°15'12.7""W","6°18'42.8""N",5.7,5.8,4.7,4.3,5.3,5.6,6.8,6.6,5.9,4.5,4.4,5.5,5.4
27015110,CO,Aragon,Santa Rosa de Osos,Antioquia,2600,"75°49'37.2""W","6°32'2.4""N",5.1,4.9,4.0,3.4,3.8,5.1,6.0,5.7,4.4,3.6,3.8,4.4,4.5
26225030,AM,Cotove Hda,Santafe de Antioquia,Antioquia,530,"75°49'38.6""W","6°32'2.1""N",7.1,6.9,5.9,5.4,5.4,6.2,6.9,6.6,5.7,5.4,5.8,6.2,6.1
27015190,CO,Guayabito,Santo Domingo,Antioquia,1700,"75°8'49.0""W","6°32'27.0""N",5.4,5.0,4.0,4.0,4.5,5.6,6.4,6.2,4.8,4.0,4.2,4.7,4.9
23075010,CP,Rio Claro,Sonson,Antioquia,449,"74°50'54.1""W","5°51'19.9""N",4.8,4.3,3.3,4.1,4.8,5.4,6.4,5.8,4.9,4.4,4.5,4.5,4.8
26175030,CP,Nacional Gja La,Tamesis,Antioquia,1151,"75°41'39.4""W","5°43'12.6""N",6.3,6.2,5.3,4.5,4.3,5.2,6.3,6.1,5.1,4.3,4.7,5.4,5.3
26235030,CO,Matanzas,Toledo,Antioquia,500,"75°39'57.1""W","7°2'8.9""N",5.0,5.3,3.7,3.6,3.4,3.7,4.0,3.7,3.6,4.0,4.2,4.6,4.1
11075010,CO,Honda La,Urrao,Antioquia,1850,"76°9'29.0""W","6°21'23.0""N",5.3,5.0,4.0,3.6,3.8,3.9,4.5,4.7,3.8,3.8,4.0,4.5,4.2
11075020,CO,Urrao,Urrao,Antioquia,1850,"76°8'23.5""W","6°19'29.8""N",5.8,5.6,5.1,4.2,4.4,5.3,5.7,5.5,4.4,4.1,4.4,5.0,5.0
26255020,CP,Sta Isabel,Valdivia,Antioquia,1200,"75°26'32.2""W","7°9'26.2""N",4.0,3.6,3.0,2.8,3.3,3.8,4.7,4.5,3.8,3.4,4.0,3.9,3.7
23105030,CO,Vegachi,Vegachi,Antioquia,995,"74°47'47.7""W","6°46'26.8""N",5.8,5.2,3.9,4.2,4.6,5.6,6.3,6.3,5.3,4.8,4.8,5.2,5.2
26205020,CP,Rosario El,Venecia,Antioquia,1600,"75°43'0.0""W","5°56'0.0""N",5.7,5.7,5.4,4.6,4.8,6.2,7.0,6.4,5.2,4.0,4.4,5.7,5.4
37055010,SP,Apto Arauca,Arauca,Arauca,128,"70°44'17.0""W","7°4'10.0""N",8.8,8.1,6.5,5.4,4.9,4.6,4.7,5.3,5.9,6.5,7.0,8.0,6.3
37045010,CO,Saravena,Saravena,Arauca,148,"71°53'26.0""W","6°56'47.0""N",5.2,4.2,2.9,2.7,3.2,3.2,3.8,4.2,4.8,5.0,5.0,4.9,4.1
29045120,CP,Flores Las,Barranquilla,Atlantico,2,"74°49'25.0""W","11°2'34.0""N",7.9,7.8,7.1,6.5,5.7,6.3,6.8,6.8,5.9,5.5,6.3,7.0,6.6
29035080,CP,Normal Manati,Manati,Atlantico,10,"74°57'16.7""W","10°27'12.9""N",7.9,7.4,6.4,5.6,5.1,5.5,6.3,6.1,5.0,4.8,5.3,6.7,6.0
29035070,CP,Repelon,Repelon,Atlantico,10,"75°7'9.0""W","10°30'1.0""N",8.3,8.0,7.1,6.0,5.2,5.8,6.4,6.1,5.1,4.8,5.6,7.1,6.3
29045020,SP,A.E Cortissoz,Soledad,Atlantico,14,"74°46'47.2""W","10°53'0.01""N",9.2,8.8,7.9,7.0,6.1,6.7,7.0,6.7,5.7,5.4,6.2,7.9,7.0
21205790,SP,Apto El Dorado,Bogota DC,Bogota DC,2547,"74°9'2.4""W","4°42'20.1""N",5.9,5.3,4.4,3.5,3.5,3.9,4.3,4.4,4.1,3.8,4.2,5.1,4.4
21205520,CP,Eldorado Didactica,Bogota DC,Bogota DC,2546,"74°9'0.0""W","4°42'0.0""N",5.8,5.1,4.4,3.4,3.4,3.6,4.1,4.2,4.0,3.7,4.1,5.2,4.3
21206050,CP,Esc Col Ingenieria,Bogota DC,Bogota DC,2650,"74°2'44.0""W","4°47'18.0""N",5.7,4.8,3.9,3.0,3.1,3.3,3.7,3.5,3.3,3.4,3.9,4.9,3.9
35025070,CO,Taques Los,Bogota DC,Bogota DC,3150,"74°11'27.4""W","4°11'48.0""N",5.7,4.9,3.6,2.7,2.5,2.4,2.7,3.0,3.5,3.6,3.9,4.9,3.6
21206220,CP,Univ Nacional,Bogota DC,Bogota DC,2556,"74°5'20.7""W","4°38'17.1""N",6.0,5.1,4.0,3.3,3.2,4.1,4.4,4.6,4.1,3.8,4.0,5.2,4.3
21205580,CO,Venado Oro Vivero,Bogota DC,Bogota DC,2725,"74°3'41.6""W","4°35'54.1""N",4.0,3.6,2.9,2.5,2.7,3.1,3.3,3.5,3.1,2.6,2.5,3.3,3.1
29035170,CP,Sincerin,Arjona,Bolivar,10,"75°16'41.8""W","10°8'33.3""N",8.3,7.9,6.5,5.6,5.1,5.6,6.1,6.1,4.7,4.6,5.5,7.2,6.1
14015020,SP,Apto Rafael Nunez,Cartagena,Bolivar,2,"75°30'57.7""W","10°26'50.1""N",8.8,8.5,7.7,7.0,6.2,6.3,6.7,6.4,5.7,5.5,6.2,7.8,6.9
14015030,CP,Esc Naval Cioh,Cartagena,Bolivar,1,"75°32'9.0""W","10°23'23.0""N",9.2,8.6,7.6,7.0,6.3,6.8,6.8,6.8,5.8,5.7,6.5,8.0,7.1
29015020,AM,Carmen de Bolivar,El Carmen de Bolivar,Bolivar,152,"75°6'23.1""W","9°42'56.7""N",7.6,7.2,6.0,5.2,4.8,5.4,6.5,5.8,4.6,4.6,5.4,6.2,5.8
25025100,CP,Apto Baracoa,Magangue,Bolivar,18,"74°50'43.0""W","9°16'55.0""N",8.3,7.7,6.5,5.6,5.1,6.1,6.8,6.5,5.5,4.9,5.7,7.2,6.3
29035040,CP,Nueva Florida,Maria La Baja,Bolivar,13,"75°21'3.0""W","9°56'26.0""N",8.0,7.2,6.1,5.3,4.5,4.7,5.4,5.1,4.2,4.2,4.9,6.8,5.5
29035030,CO,Presa Ay Grande,Maria La Baja,Bolivar,60,"75°19'35.7""W","9°52'46.0""N",7.3,6.6,5.7,5.1,4.5,4.7,5.3,5.1,4.3,4.3,5.0,6.3,5.3
29035110,CO,San Pablo,Maria La Baja,Bolivar,20,"75°15'31.0""W","10°2'35.4""N",8.3,7.8,6.5,5.8,4.9,5.5,6.1,5.8,4.7,4.7,5.4,7.2,6.1
14015010,CP,Galerazamba,Santa Catalina,Bolivar,20,"75°15'42.0""W","10°47'41.5""N",7.6,6.9,6.1,6.0,5.8,5.9,6.2,6.4,5.7,5.4,6.2,6.9,6.3
23205050,CO,Canelos,Santa Rosa del Sur,Bolivar,750,"74°14'27.5""W","7°53'7.5""N",5.9,5.2,3.7,2.8,3.6,3.9,5.3,5.1,3.9,3.6,3.9,5.0,4.3
23205030,CO,Sta Rosa D Simiti,Santa Rosa del Sur,Bolivar,650,"74°3'33.0""W","7°57'55.0""N",8.0,6.9,5.3,4.1,4.4,5.3,6.5,6.1,4.9,4.2,4.9,6.7,5.6
25025020,CP,Monterrey Forestal,Zambrano,Bolivar,25,"74°50'6.0""W","9°44'7.0""N",8.6,8.2,7.0,6.3,5.5,6.5,6.8,6.9,5.8,5.6,6.2,7.3,6.7
24035330,AM,Boavita,Boavita,Boyaca,2150,"72°34'43.6""W","6°19'34.3""N",7.8,7.0,6.0,4.7,4.3,4.7,5.2,5.1,4.9,5.0,5.7,6.8,5.6
23125100,CP,Buenavista,Buenavista,Boyaca,2200,"73°56'35.2""W","5°30'53.7""N",3.0,2.6,2.0,1.4,1.7,2.2,2.6,2.3,2.2,2.5,2.3,2.5,2.3
24035310,CO,Chiscas,Chiscas,Boyaca,2350,"72°30'17.0""W","6°32'58.3""N",7.9,7.1,6.0,4.9,4.6,4.3,5.0,5.0,4.7,4.9,5.6,7.1,5.6
24035250,CO,Chita,Chita,Boyaca,2888,"72°27'58.8""W","6°11'18.0""N",7.9,7.1,5.8,4.2,3.7,3.5,3.4,3.7,4.2,4.4,5.1,7.0,5.0
35095030,CO,Tunel El,Cuitiva,Boyaca,3000,"72°56'38.2""W","5°34'19.6""N",7.8,6.5,5.4,4.4,4.5,4.3,4.5,4.2,4.4,4.7,5.2,6.9,5.2
24025030,CP,Sierra La,Duitama,Boyaca,2700,"73°9'43.6""W","5°58'1.3""N",4.9,4.4,3.4,2.5,2.7,3.4,3.8,3.9,3.6,2.9,3.1,4.0,3.5
24035120,AM,Surbata Bonza,Duitama,Boyaca,2485,"73°4'28.1""W","5°48'8.8""N",6.8,5.8,5.1,4.3,4.2,4.5,4.9,4.7,4.3,4.2,5.2,6.3,5.0
24035240,CO,Sierra Nevad Cocuy,Guican,Boyaca,3716,"72°22'18.2""W","6°24'26.0""N",7.1,6.5,5.3,3.6,3.1,3.9,4.7,4.5,3.7,3.4,4.3,6.0,4.7
35075040,CP,Inst Agr Macanal,Macanal,Boyaca,1300,"73°19'0.1""W","4°56'27.8""N",5.9,5.1,3.9,3.2,3.1,2.7,2.8,3.0,4.0,4.6,4.8,5.6,4.1
24015020,CO,Bertha,Moniquira,Boyaca,1700,"73°36'0.0""W","5°53'0.0""N",5.7,5.8,4.9,4.2,3.9,4.7,4.9,4.8,4.7,4.7,5.1,5.4,4.9
24035150,CP,Belencito,Nobsa,Boyaca,2530,"72°53'26.7""W","5°46'43.3""N",6.7,5.8,4.8,3.7,3.9,4.3,4.7,4.4,4.0,3.8,4.6,5.9,4.7
35075010,AM,Nuevo Colon,Nuevo Colon,Boyaca,2438,"73°27'23.4""W","5°21'13.7""N",6.3,5.6,4.9,3.7,3.4,2.9,2.9,3.2,4.2,4.4,5.0,6.0,4.4
24035170,AM,Tunguavita,Paipa,Boyaca,2470,"73°6'58.9""W","5°44'45.3""N",6.7,6.0,5.0,3.7,3.4,3.7,4.2,4.0,3.8,4.0,4.7,5.9,4.6
35085020,CO,Rondon,Rondon,Boyaca,2120,"73°12'13.0""W","5°21'30.3""N",5.6,5.0,4.1,3.1,2.7,2.0,2.0,2.3,3.7,4.2,4.3,4.4,3.6
24015220,CP,Villa Carmen,Samaca,Boyaca,2600,"73°29'44.8""W","5°30'42.1""N",7.1,6.5,5.6,4.8,5.0,5.0,5.6,5.6,5.5,5.2,5.3,6.2,5.6
24035340,CP,Apto A Lleras C,Sogamoso,Boyaca,2500,"72°58'4.5""W","5°40'37.0""N",7.6,6.7,5.7,4.4,4.1,4.6,4.9,4.6,4.7,4.6,5.5,6.6,5.4
35075020,CP,Sutatenza,Sutatenza,Boyaca,1930,"73°26'57.0""W","5°1'20.2""N",6.5,5.8,4.3,3.7,3.5,2.9,3.1,3.4,4.3,4.6,5.1,6.0,4.4
24035040,CO,Copa La,Toca,Boyaca,2700,"73°12'28.6""W","5°34'46.0""N",6.9,6.6,5.1,4.1,3.9,4.4,4.7,4.6,4.4,4.4,5.0,6.1,5.0
24035130,CP,U P T C,Tunja,Boyaca,2690,"73°21'19.0""W","5°33'12.8""N",7.4,6.8,5.6,4.7,4.4,4.4,4.7,4.9,5.1,5.0,5.4,6.6,5.4
24015300,CP,Villa de Leiva,Villa de Leyva,Boyaca,2215,"73°32'38.2""W","5°39'21.0""N",6.3,5.8,4.9,4.0,4.3,4.7,5.1,5.1,4.7,4.3,4.5,5.4,4.9
26145020,CO,Bellavista,Anserma,Caldas,1932,"75°48'0.0""W","5°16'33.3""N",4.3,4.2,3.5,2.9,3.3,3.9,5.1,5.3,3.8,3.3,3.0,3.3,3.8
26155110,SP,Apto La Nubia,Manizales,Caldas,2058,"75°28'11.8""W","5°1'47.1""N",5.4,4.9,4.0,3.4,3.5,4.0,4.8,4.5,3.8,3.4,3.9,4.6,4.2
26185040,CO,San Felix,Salamina,Caldas,2696,"75°22'30.5""W","5°22'21.5""N",5.0,4.7,3.9,3.1,3.7,5.0,5.8,5.5,4.5,3.3,3.1,4.1,4.3
23055040,CO,Samana,Samana,Caldas,1475,"74°59'34.0""W","5°25'6.0""N",2.8,2.8,1.9,2.3,3.0,4.7,5.8,5.4,4.0,2.4,2.0,2.0,3.3
26175070,CO,Rafael Escobar,Supia,Caldas,1320,"75°39'0.0""W","5°28'0.0""N",5.9,5.8,5.7,4.6,4.9,5.7,6.6,6.3,5.4,4.5,4.8,5.8,5.5
26155150,CP,Brisas Las,Villamaria,Caldas,4150,"75°21'0.0""W","4°54'5.3""N",3.1,3.0,2.3,1.5,1.7,2.4,3.3,3.2,2.1,1.4,2.1,2.7,2.4
44045030,CO,Mono La,Belen de los Andaquies,Caqueta,300,"75°48'27.8""W","1°18'12.1""N",5.4,4.2,3.4,3.3,3.4,3.2,3.3,4.0,4.8,4.8,4.7,5.1,4.1
46035010,CO,Maguare,El Doncello,Caqueta,270,"75°9'45.6""W","1°38'24.8""N",6.0,4.7,3.3,3.2,3.4,3.1,3.3,4.2,4.9,4.8,5.0,5.9,4.3
44035020,CO,Apto G Artunduaga,Florencia,Caqueta,244,"75°33'34.4""W","1°35'20.6""N",5.7,4.4,3.5,3.5,3.4,3.2,3.3,4.1,4.8,4.8,4.9,5.6,4.3
44035030,AM,Macagual,Florencia,Caqueta,280,"75°39'39.6""W","1°29'59.2""N",5.5,4.4,3.3,3.3,3.5,3.3,3.5,4.3,4.8,4.8,4.9,5.5,4.3
46035020,CO,Pto Rico,Puerto Rico,Caqueta,285,"75°9'2.4""W","1°55'3.1""N",5.1,4.0,3.0,2.9,2.9,2.5,2.7,3.6,4.3,4.0,4.3,5.2,3.7
46015010,CP,S.Vcte Caguan,San Vicente del Caguan,Caqueta,300,"74°45'45.7""W","2°3'46.8""N",6.9,5.3,4.1,3.4,4.0,3.6,3.5,4.3,5.1,5.3,5.9,6.6,4.8
44135010,CP,Araracuara,Solano,Caqueta,150,"72°22'54.9""W","0°36'58.9""S",5.0,5.0,4.2,4.2,4.0,4.1,4.6,5.3,5.3,5.3,5.3,5.3,4.8
44055010,SP,Tres Esquinas,Solano,Caqueta,219,"75°14'10.0""W","0°44'15.0""N",5.8,4.2,3.5,3.3,3.4,3.4,3.9,4.3,4.8,5.3,5.3,6.0,4.4
44045020,CO,Valparaiso,Valparaiso,Caqueta,270,"75°42'16.1""W","1°11'42.9""N",5.5,4.2,3.4,3.4,3.3,3.1,3.2,3.9,4.7,4.7,5.0,5.7,4.2
35195030,CO,Aguazul,Aguazul,Casanare,380,"72°33'3.2""W","5°10'45.6""N",7.4,6.5,4.8,4.2,4.5,3.9,4.4,4.9,5.8,5.7,6.0,6.9,5.4
35225020,CO,Modulos,Orocue,Casanare,130,"71°25'59.0""W","4°54'37.7""N",8.2,7.0,5.2,4.5,4.2,4.1,4.2,4.5,5.2,5.5,6.1,7.7,5.5
35095110,CP,Huerta La Grande,Villanueva,Casanare,255,"72°55'2.4""W","4°39'18.3""N",7.4,6.7,4.8,4.1,4.2,4.4,4.5,5.0,5.4,5.7,6.3,6.2,5.4
35215010,CP,Apto Yopal,Yopal,Casanare,325,"72°23'15.0""W","5°19'13.6""N",8.1,6.9,5.0,4.2,4.5,4.1,4.4,4.7,5.5,5.7,6.3,7.7,5.6
52025010,CO,Bolivar,Bolivar,Cauca,1510,"77°0'14.5""W","1°49'47.8""N",5.0,4.6,4.0,4.0,4.3,5.3,6.1,6.2,5.1,4.4,3.9,4.4,4.8
52025020,CO,Milagros Los,Bolivar,Cauca,2300,"76°53'30.0""W","1°45'12.0""N",4.4,4.0,3.6,3.7,4.3,5.0,5.5,5.6,4.7,4.2,4.1,4.1,4.4
26025090,CO,Venta De Cajibio,Cajibio,Cauca,1850,"76°33'42.7""W","2°35'5.1""N",4.3,4.1,3.7,3.4,3.8,4.7,5.6,5.5,4.5,3.6,3.5,3.4,4.2
53045030,CO,Apto Guapi,Guapi,Cauca,10,"77°53'41.1""W","2°34'27.9""N",2.8,3.2,3.5,3.9,2.9,2.4,2.8,3.1,2.6,2.6,2.2,2.4,2.9
53045010,CP,Bonanza,Guapi,Cauca,10,"77°53'0.0""W","2°34'0.0""N",2.5,2.8,3.2,3.2,2.9,2.6,2.9,2.9,2.3,2.3,2.3,2.6,2.7
57025010,CP,Gorgona,Guapi,Cauca,10,"78°10'27.7""W","2°57'46.6""N",2.9,3.8,4.2,3.8,2.8,2.1,2.7,2.6,2.0,2.4,2.3,2.4,2.8
52025050,CO,Sierra La,La Sierra,Cauca,1870,"76°45'1.2""W","2°11'37.8""N",4.3,3.9,3.5,3.3,3.6,4.5,5.3,5.5,4.4,3.7,3.3,3.7,4.1
52025030,CO,Mercaderes,Mercaderes,Cauca,1174,"77°9'31.2""W","1°45'37.5""N",5.5,5.1,4.7,4.6,4.7,5.4,6.3,6.3,5.6,5.2,4.8,4.9,5.3
26065010,CO,Ing Cauca,Miranda,Cauca,1000,"76°20'48.7""W","3°16'10.1""N",5.4,5.3,4.7,4.4,4.4,4.6,5.2,5.3,4.6,4.7,4.8,4.9,4.8
26065020,CO,Miranda,Miranda,Cauca,1128,"76°13'23.2""W","3°14'44.0""N",4.8,4.5,4.0,3.5,3.4,3.8,4.5,4.5,3.8,3.7,3.9,4.1,4.0
52015020,CO,Fonda La Citec,Patia,Cauca,635,"77°2'45.4""W","2°8'45.8""N",6.0,5.6,5.2,5.1,5.3,5.9,6.5,6.5,5.6,5.5,5.4,5.8,5.7
26035030,SP,Apto G L Valencia,Popayan,Cauca,1749,"76°36'31.3""W","2°27'10.4""N",5.0,4.6,3.9,3.6,3.8,4.8,5.6,5.4,4.5,3.7,3.9,4.4,4.4
26015020,CO,Paletara,Purace,Cauca,2900,"75°27'0.0""W","2°10'0.0""N",3.9,3.3,2.5,2.3,2.4,2.2,2.0,2.4,2.4,2.5,3.0,3.7,2.7
21055030,CO,Sta Leticia,Purace,Cauca,2085,"76°9'50.1""W","2°14'29.3""N",4.1,3.6,2.7,2.5,2.6,2.6,2.4,2.7,3.0,3.1,3.3,3.9,3.0
44015030,CP,Valencia,San Sebastian,Cauca,2900,"76°40'7.5""W","1°54'1.5""N",3.8,3.3,2.7,2.3,2.3,2.5,2.6,2.7,2.8,2.8,3.0,3.5,2.9
26025070,CO,Gabriel Lopez,Totoro,Cauca,3000,"76°17'20.6""W","2°30'35.2""N",2.4,2.0,1.9,1.5,1.5,1.1,1.3,1.7,1.8,1.5,1.5,1.7,1.7
23215030,CO,Aguas Claras,Aguachica,Cesar,208,"73°36'10.0""W","8°13'44.0""N",8.1,7.5,5.9,4.9,5.0,5.8,6.6,6.2,5.7,5.3,5.7,6.9,6.1
28025070,AM,Motilonia Codazzi,Agustin Codazzi,Cesar,180,"73°15'10.3""W","10°0'15.7""N",9.1,8.3,7.3,6.3,5.8,6.1,6.6,6.5,5.9,6.0,6.9,8.0,6.9
28025080,CP,Socomba,Becerril,Cesar,170,"73°14'26.0""W","9°41'12.0""N",9.0,8.5,7.2,6.4,6.3,6.8,7.1,6.8,6.0,5.9,6.8,8.2,7.1
25025250,CO,Chiriguana,Chiriguana,Cesar,40,"73°35'36.0""W","9°21'49.2""N",8.8,8.3,6.9,6.4,5.9,6.7,7.3,7.2,6.2,6.1,6.7,7.9,7.0
25025330,CP,Col Agro Pailitas,Pailitas,Cesar,50,"73°38'1.0""W","8°57'25.4""N",8.1,7.6,6.5,5.3,5.4,5.9,6.7,6.5,5.4,5.3,5.5,7.0,6.3
28035030,SP,Apto Alfonso Lopez,Valledupar,Cesar,138,"73°14'58.0""W","10°26'22.0""N",9.2,8.8,7.8,6.8,6.2,6.8,7.0,6.9,6.3,6.4,7.2,8.5,7.3
28035020,CO,Callao El,Valledupar,Cesar,110,"73°19'10.0""W","10°21'47.0""N",9.2,8.9,8.0,6.6,5.9,6.1,6.6,6.6,5.9,6.1,7.0,8.4,7.1
28035040,CO,Guaymaral,Valledupar,Cesar,50,"73°38'51.1""W","9°54'17.7""N",8.7,8.3,7.7,6.7,6.1,6.2,6.7,6.8,6.0,5.8,6.7,7.9,7.0
28035010,CO,Villa Rosa,Valledupar,Cesar,70,"73°32'50.0""W","10°11'34.0""N",9.0,8.6,7.7,6.5,6.0,6.1,6.7,6.6,6.1,5.9,6.8,8.1,7.0
56015010,CO,Panamericana,Bahia Solano,Choco,4,"77°24'16.0""W","6°13'24.0""N",2.5,3.1,2.8,2.3,2.0,1.9,2.5,2.3,1.7,1.9,1.6,1.6,2.2
11085010,AM,Loma La,Bojaya,Choco,20,"76°59'0.0""W","6°32'0.0""N",2.6,2.7,2.9,2.5,2.7,2.7,3.2,3.2,2.9,2.6,2.7,2.3,2.7
54025020,CP,Apto Condoto,Condoto,Choco,66,"76°39'0.0""W","5°6'0.0""N",2.6,2.5,2.4,2.5,3.3,3.3,3.6,3.4,2.9,2.9,3.0,2.6,2.9
54085010,CO,Noanama,Medio San Juan,Choco,40,"76°56'3.4""W","4°41'17.6""N",2.3,2.7,2.4,2.7,2.9,2.8,3.4,3.2,2.5,2.4,2.5,2.3,2.7
11045010,SP,Apto El Carano,Quibdo,Choco,53,"76°38'37.9""W","5°41'26.0""N",2.8,2.9,2.8,3.2,3.6,3.8,4.3,4.3,3.9,3.8,3.6,3.1,3.5
54025010,CO,San Jose Palmar,San Jose del Palmar,Choco,1115,"76°13'55.0""W","4°53'54.5""N",1.8,1.7,2.0,2.3,2.9,3.0,3.8,3.6,2.7,2.4,2.4,2.0,2.5
25025150,CO,Ayapel,Ayapel,Cordoba,22,"75°9'52.2""W","8°17'42.7""N",5.9,5.4,4.5,4.0,4.2,4.3,5.5,5.2,4.7,4.5,4.6,5.0,4.8
13075030,AM,Turipana,Cerete,Cordoba,20,"75°48'6.8""W","8°50'22.3""N",7.4,6.5,5.1,4.2,4.1,4.7,5.4,5.2,4.5,4.7,5.3,6.1,5.3
13085010,CP,Doctrina La,Lorica,Cordoba,20,"75°54'47.8""W","9°18'6.2""N",7.7,6.9,6.4,5.1,4.3,4.7,5.6,5.4,4.7,4.6,5.2,6.4,5.6
13075050,AM,Univ de Cordoba,Monteria,Cordoba,15,"75°51'41.5""W","8°47'38.0""N",7.6,7.2,6.2,5.3,4.8,5.3,6.3,6.0,5.0,5.3,6.0,6.2,5.9
25025190,CO,Planeta Rica,Planeta Rica,Cordoba,90,"75°35'1.4""W","8°23'57.6""N",6.3,6.1,5.0,4.3,4.2,4.9,5.5,5.6,4.6,4.8,5.1,5.7,5.2
21205660,CO,Mercedes Las,Anapoima,Cundinamarca,810,"74°31'35.8""W","4°34'54.8""N",5.9,5.2,4.3,4.2,4.3,4.6,5.1,5.0,4.7,4.7,4.9,5.4,4.9
21205670,CO,Florida La,Anolaima,Cundinamarca,1915,"74°26'15.5""W","4°46'15.2""N",3.7,3.2,2.6,2.2,2.3,2.7,3.1,3.5,3.5,2.6,2.3,3.3,2.9
35025060,CO,Bolsa La,Choachi,Cundinamarca,3195,"73°58'53.1""W","4°34'31.5""N",5.1,4.5,3.2,2.1,2.0,2.3,1.7,2.2,2.7,2.8,2.9,4.3,3.0
21205740,CO,Silos,Choconta,Cundinamarca,2709,"73°42'5.1""W","5°7'3.8""N",6.6,5.8,4.7,3.7,3.7,2.5,3.1,3.5,4.1,4.3,4.6,5.9,4.4
21205410,CP,Represa Del Neusa,Cogua,Cundinamarca,3100,"73°59'0.0""W","5°9'0.0""N",6.0,4.8,3.7,3.0,3.3,2.6,3.1,3.4,4.1,2.8,3.9,5.3,3.8
24015120,CP,Isla del Santuario,Fuquene,Cundinamarca,2580,"73°44'5.3""W","5°28'2.2""N",7.4,6.7,5.6,4.5,4.4,4.8,5.4,5.3,5.1,4.9,5.3,6.5,5.5
21195120,CP,Ita Valsalice,Fusagasuga,Cundinamarca,1460,"74°23'46.1""W","4°23'44.8""N",5.9,5.2,4.2,3.8,3.7,4.1,4.3,4.5,4.5,4.7,4.7,5.1,4.6
35065010,CO,Gacheta,Gacheta,Cundinamarca,1752,"73°38'47.3""W","4°49'49.4""N",6.0,5.1,3.8,2.9,2.9,2.6,2.8,3.0,3.6,3.8,4.2,4.8,3.8
21205770,CO,Base Aerea Madrid,Madrid,Cundinamarca,2550,"74°16'21.0""W","4°43'43.7""N",6.1,5.6,4.5,3.7,3.6,4.0,4.4,4.5,4.4,4.2,4.2,5.4,4.5
21205420,AM,Tibaitata,Mosquera,Cundinamarca,2543,"74°12'32.4""W","4°41'29.1""N",6.2,5.4,4.5,3.7,3.6,3.8,4.4,4.7,4.4,4.3,4.4,5.4,4.6
21205400,CP,Checua-Nemocon,Nemocon,Cundinamarca,2580,"73°52'0.0""W","5°7'0.0""N",6.3,5.1,5.1,4.1,4.1,3.3,4.5,4.0,4.7,4.4,4.5,5.4,4.6
21195060,CO,Pandi,Pandi,Cundinamarca,950,"74°29'14.7""W","4°11'33.8""N",6.2,5.5,4.6,4.1,4.3,4.6,4.9,4.7,4.3,4.6,5.2,5.9,4.9
35055010,CO,Japon El,Paratebueno,Cundinamarca,280,"73°18'4.7""W","4°22'37.1""N",5.6,5.0,3.6,3.3,3.5,3.1,3.5,4.1,5.0,5.0,4.8,5.2,4.3
21195070,CO,Pasca,Pasca,Cundinamarca,2256,"74°18'42.3""W","4°18'36.4""N",4.5,4.2,3.2,2.7,2.8,3.2,3.0,3.3,3.2,3.0,3.0,4.0,3.3
23035020,SP,Apto Palanquero,Puerto Salgar,Cundinamarca,172,"74°39'17.0""W","5°28'17.0""N",4.5,4.0,3.8,4.6,5.2,5.2,6.1,6.0,5.4,5.0,5.0,4.5,4.9
23125070,CO,San Cayetano,San Cayetano,Cundinamarca,2150,"74°4'0.0""W","5°18'0.0""N",5.3,4.6,3.6,3.1,3.4,4.4,4.8,4.6,4.1,3.9,4.1,5.2,4.3
23065100,CO,Sabaneta,San Francisco,Cundinamarca,2475,"74°18'26.6""W","4°54'6.3""N",4.4,4.2,3.4,3.2,3.6,4.1,4.5,4.6,4.1,3.6,3.5,3.8,3.9
21205720,CO,San Jorge Gja,Soacha,Cundinamarca,2900,"74°11'21.4""W","4°30'20.7""N",5.4,5.1,4.3,3.9,4.3,4.8,5.3,5.3,5.0,4.2,4.1,5.0,4.7
21205570,CP,Primavera La,Subachoque,Cundinamarca,2590,"74°13'0.0""W","4°51'0.0""N",6.0,5.0,4.1,3.5,4.0,4.0,4.7,4.0,4.0,3.5,4.7,5.7,4.4
21205650,CP,Tabio,Tabio,Cundinamarca,2620,"73°56'0.0""W","4°46'0.0""N",6.2,5.6,4.6,3.9,3.7,3.8,4.0,4.2,4.2,4.3,4.8,5.4,4.6
21205980,CO,Providencia Gja,Tenjo,Cundinamarca,2560,"74°12'3.3""W","4°47'32.6""N",5.2,4.5,3.1,2.5,2.4,2.6,2.8,3.0,2.9,3.2,3.7,3.5,3.3
23065110,CO,Yacopi,Yacopi,Cundinamarca,1347,"74°21'16.5""W","5°29'3.0""N",4.9,4.2,3.5,3.5,4.2,5.2,6.2,5.5,4.6,4.3,4.5,4.6,4.6
31095010,AM,Pto Inirida,Inirida,Guainia,100,"67°55'54.1""W","3°52'3.6""N",6.9,6.3,5.5,4.5,3.9,4.1,4.5,5.2,5.8,5.7,5.6,5.9,5.3
32105070,CO,San Jose Guaviare,San Jose del Guaviare,Guaviare,165,"72°38'49.5""W","2°33'10.9""N",6.1,5.5,4.5,4.0,3.3,3.2,3.7,4.3,5.2,5.0,5.0,5.3,4.6
31015010,CO,Trueno El,San Jose del Guaviare,Guaviare,150,"72°38'24.0""W","2°22'22.0""N",5.9,5.2,4.0,3.4,3.3,3.0,3.4,3.9,4.8,4.7,4.6,5.0,4.3
21105030,CO,Algeciras,Algeciras,Huila,1155,"75°19'20.1""W","2°31'18.1""N",5.0,4.0,3.6,3.6,3.8,3.5,3.8,4.0,3.9,3.8,3.9,4.5,4.0
21025020,CO,Altamira,Altamira,Huila,1352,"75°48'0.0""W","2°4'0.0""N",5.5,4.7,3.9,4.0,4.7,4.5,4.0,4.0,4.5,4.8,4.9,5.6,4.6
21025030,CO,Altamira El Grifo,Altamira,Huila,1368,"75°44'10.4""W","2°4'45.0""N",5.3,4.8,3.7,4.0,4.1,4.4,4.4,4.8,4.5,4.6,4.6,5.2,4.5
21105050,CP,Rosales Los,Campoalegre,Huila,553,"75°25'4.4""W","2°36'58.8""N",5.7,5.1,4.1,4.2,4.4,4.6,4.6,4.6,4.4,4.8,4.8,5.1,4.7
21145070,CO,Legiosa La,Colombia,Huila,1476,"74°42'10.4""W","3°18'39.7""N",5.3,4.7,3.4,3.1,3.0,2.4,2.8,3.6,4.6,4.4,4.2,4.8,3.9
21065040,CO,Zuluaga,Garzon,Huila,1270,"75°31'46.0""W","2°15'9.0""N",4.1,3.6,2.7,2.5,2.8,2.8,3.0,2.9,3.2,3.1,3.3,3.7,3.1
21065030,CO,Jorge Villamil,Gigante,Huila,1500,"75°33'0.0""W","2°22'0.0""N",3.6,2.9,2.8,2.8,3.0,2.9,2.9,3.3,3.3,2.9,3.1,3.6,3.1
21035020,CO,Resina,Guadalupe,Huila,2102,"75°40'44.4""W","1°54'50.0""N",3.7,3.5,2.9,2.9,3.1,3.5,3.3,3.6,3.8,3.3,2.9,3.4,3.3
21085020,CO,Iquira,Iquira,Huila,1095,"75°37'45.3""W","2°39'7.9""N",5.3,4.8,3.9,4.4,4.5,4.9,4.4,5.0,4.9,4.8,4.2,4.7,4.7
21055020,CP,Esc Agr La Plata,La Plata,Huila,1070,"75°53'28.5""W","2°22'41.8""N",4.9,4.5,3.7,3.7,4.0,3.9,3.9,4.1,4.2,4.3,4.3,4.8,4.2
21115020,SS,Apto Benito Salas,Neiva,Huila,439,"75°17'35.0""W","2°56'55.5""N",6.6,5.7,4.9,5.0,5.3,5.5,5.5,5.6,5.4,5.5,5.5,6.0,5.5
21115100,CO,Palacio-Vegalarga,Neiva,Huila,1100,"75°3'59.7""W","2°56'33.5""N",5.1,4.5,3.7,3.6,4.0,4.4,4.6,4.7,4.2,3.8,3.7,4.5,4.2
21095010,CO,Juncal El,Palermo,Huila,460,"75°19'52.2""W","2°49'43.7""N",6.4,5.6,4.6,4.7,5.2,5.5,5.5,5.5,5.1,5.2,5.5,6.1,5.4
21015020,CO,Sevilla,Pitalito,Huila,1320,"76°7'29.4""W","1°49'18.1""N",4.8,4.1,3.2,3.5,3.9,3.8,3.7,3.9,4.2,4.2,4.3,4.7,4.0
21015030,CP,Parque Arqueologic,San Agustin,Huila,1800,"76°17'41.9""W","1°53'18.5""N",5.1,4.5,3.6,3.7,4.0,3.6,3.5,3.8,4.3,4.5,4.7,5.1,4.2
21125010,CO,Sta Maria,Santa Maria,Huila,1300,"75°35'1.7""W","2°56'33.5""N",5.2,4.8,3.9,3.8,4.5,4.8,4.8,4.8,4.7,4.0,4.0,4.7,4.5
21145040,AM,San Alfonso,Villavieja,Huila,440,"75°6'36.4""W","3°22'24.1""N",5.1,4.8,4.1,4.6,5.0,5.0,5.3,5.4,5.1,4.8,4.5,4.3,4.8
15065050,CP,Camp Intercor,Albania,La Guajira,122,"72°31'53.0""W","11°7'52.2""N",8.4,7.9,7.5,5.8,6.1,6.7,7.9,7.8,7.3,6.1,7.5,7.3,7.2
15035020,CO,Termoguajira,Dibulla,La Guajira,5,"73°24'41.0""W","11°15'9.0""N",7.5,6.2,6.0,5.2,4.7,6.2,6.8,6.2,5.3,5.3,5.6,6.4,5.9
15065040,CO,Paulina La,Fonseca,La Guajira,170,"72°49'42.5""W","10°53'53.3""N",9.4,9.2,8.2,6.8,6.5,7.3,8.0,7.4,6.6,6.4,7.8,8.5,7.7
15065130,CP,Mina La,Hatonuevo,La Guajira,80,"72°36'57.4""W","11°8'15.3""N",8.5,7.9,7.1,6.5,6.0,7.3,7.8,7.4,6.4,6.3,6.7,7.9,7.2
15085030,CO,Esc Agr Carraipia,Maicao,La Guajira,118,"72°22'1.0""W","11°12'59.0""N",7.2,6.6,6.0,4.8,4.7,6.1,7.0,6.8,5.8,5.7,6.0,6.4,6.1
15075030,CP,Manaure,Manaure,La Guajira,1,"72°28'48.6""W","11°46'51.8""N",7.6,7.2,7.0,6.2,6.5,7.7,7.6,8.0,7.1,6.3,6.7,6.7,7.0
15065010,SP,Apto A.Padilla,Riohacha,La Guajira,4,"72°55'3.7""W","11°31'41.6""N",8.5,8.1,7.5,6.7,6.3,7.8,8.4,8.1,6.9,6.7,7.2,7.8,7.5
15045010,CO,Matitas,Riohacha,La Guajira,20,"73°1'49.0""W","11°15'50.0""N",7.6,6.9,5.8,4.9,5.3,6.9,7.5,7.2,6.1,5.9,6.5,7.1,6.5
15085020,CP,Nazareth,Uribia,La Guajira,85,"71°17'2.0""W","12°10'44.0""N",7.1,6.9,6.6,5.5,5.6,7.0,7.9,7.9,6.8,5.9,6.2,6.1,6.6
15075060,CP,Pto Bolivar,Uribia,La Guajira,10,"71°59'58.4""W","12°13'27.5""N",9.0,9.1,8.7,8.1,7.9,8.0,8.9,9.1,7.9,7.2,7.6,8.4,8.3
15085040,CO,Rancho Grande,Uribia,La Guajira,50,"71°49'0.0""W","11°41'17.0""N",8.9,8.6,8.3,7.1,7.1,7.9,8.5,8.5,7.5,6.9,7.3,8.0,7.9
28015070,CO,Urumita,Urumita,La Guajira,255,"73°0'31.6""W","10°33'35.5""N",8.6,8.2,7.3,5.8,5.5,5.8,6.7,6.3,5.4,5.7,6.4,7.4,6.6
15015020,CO,Ye La,Cienaga,Magdalena,20,"74°12'40.1""W","10°59'32.7""N",8.9,8.7,7.7,7.1,6.5,6.8,6.7,6.8,6.1,6.4,7.2,8.2,7.2
25025090,SP,Apto Las Flores,El Banco,Magdalena,34,"73°58'15.0""W","9°2'46.8""N",8.5,8.1,6.9,6.0,5.6,6.6,7.1,7.1,6.1,5.7,6.2,7.8,6.8
25025320,CP,Alamos Los,San Sebastian de Buenavista,Magdalena,25,"74°16'25.0""W","9°18'14.0""N",8.6,8.3,7.0,6.1,5.9,6.7,7.3,7.0,6.0,6.2,6.3,7.4,6.9
15015050,SP,Apto Simon Bolivar,Santa Marta,Magdalena,4,"74°13'44.0""W","11°7'42.0""N",9.2,8.8,8.1,7.6,7.2,7.6,7.5,7.1,6.7,6.6,7.3,8.7,7.7
15015100,CO,Parque Tayrona,Santa Marta,Magdalena,30,"73°54'37.0""W","11°17'30.0""N",6.6,6.0,5.8,4.9,4.9,5.3,6.1,6.1,5.8,5.0,5.6,5.3,5.6
15015060,CP,San Lorenzo,Santa Marta,Magdalena,2200,"74°2'1.0""W","11°4'48.0""N",3.1,3.0,2.9,2.6,2.5,2.8,3.4,3.1,2.4,1.8,1.7,2.5,2.7
29065020,CO,Padelma,Zona Bananera,Magdalena,20,"74°11'59.0""W","10°43'16.0""N",8.6,8.0,6.8,6.3,5.9,6.1,6.3,6.0,5.4,5.8,6.4,7.6,6.6
29065030,CO,Prado Sevilla,Zona Bananera,Magdalena,18,"74°9'17.0""W","10°45'51.0""N",8.2,8.3,6.9,6.5,6.0,6.0,6.4,6.2,5.6,5.8,6.4,6.7,6.6
35105050,CO,Guaicaramo,Barranca de Upia,Meta,190,"72°57'12.9""W","4°28'7.2""N",7.3,6.8,4.8,4.2,4.2,4.2,4.3,4.7,5.7,6.1,6.3,6.9,5.5
35045020,CO,Cabana La Hda,Cumaral,Meta,305,"73°21'27.0""W","4°18'1.6""N",5.7,5.1,3.6,3.5,3.5,3.3,3.3,4.0,4.8,4.8,5.1,5.6,4.4
32075040,CO,Holanda La,Granada,Meta,360,"73°42'57.7""W","3°30'58.8""N",6.4,5.4,3.9,3.6,4.2,4.1,4.1,4.5,5.1,5.2,5.5,6.2,4.8
32035020,CO,Balsora La,La Macarena,Meta,372,"73°55'56.2""W","2°26'18.2""N",6.2,5.0,3.2,2.6,2.6,2.3,2.6,3.1,3.4,3.8,4.3,4.7,3.7
32035010,CP,Macarena La,La Macarena,Meta,350,"73°47'36.0""W","2°10'34.0""N",7.2,5.7,4.5,3.6,3.7,3.3,3.7,4.4,4.9,5.1,5.4,6.4,4.8
32075050,CO,Mesetas,Mesetas,Meta,620,"74°2'34.7""W","3°22'48.2""N",5.8,5.0,3.5,3.5,3.7,3.6,3.6,4.0,4.7,4.7,4.9,5.6,4.4
32075080,CO,Pto Lleras,Puerto Lleras,Meta,245,"73°22'23.5""W","3°16'3.7""N",6.4,5.6,3.8,3.3,3.5,3.1,3.4,4.0,4.7,4.7,4.7,5.7,4.4
35125010,CO,Margaritas Las Hda,Puerto Lopez,Meta,150,"72°9'22.9""W","4°20'26.0""N",7.3,7.1,5.3,4.4,4.2,4.6,4.3,4.6,5.5,5.7,5.9,6.9,5.5
35015050,CO,Barbascal,San Martin,Meta,250,"73°20'57.4""W","3°37'50.8""N",6.7,6.1,4.3,4.1,4.3,4.1,4.3,4.7,5.2,5.5,6.0,6.1,5.1
35035020,SP,Apto Vanguardia,Villavicencio,Meta,423,"73°37'13.8""W","4°9'48.4""N",5.5,4.7,3.6,3.7,3.9,3.7,3.7,4.4,5.1,5.2,4.9,5.3,4.5
35025020,AM,Libertad La,Villavicencio,Meta,336,"73°28'4.5""W","4°3'26.5""N",6.6,5.6,4.0,3.8,4.4,3.6,4.2,4.8,5.0,5.3,5.8,6.6,5.0
35035070,CP,Unillanos,Villavicencio,Meta,340,"73°34'55.2""W","4°4'36.2""N",5.8,5.3,3.5,3.5,3.8,3.8,3.8,4.2,4.7,4.9,5.0,5.5,4.5
32075030,CO,Vista Hermosa,Vistahermosa,Meta,325,"73°45'14.5""W","3°7'13.4""N",6.4,5.4,3.7,3.5,3.8,3.4,3.8,4.3,4.6,4.9,5.3,6.2,4.6
52055010,SP,Apto San Luis,Aldana,Narino,2961,"77°40'39.9""W","0°51'25.5""N",4.3,3.8,3.2,3.7,4.1,4.3,4.5,4.5,4.3,4.2,4.1,4.2,4.1
51025050,CP,Altaquer,Barbacoas,Narino,1010,"78°5'33.0""W","1°14'54.0""N",1.7,1.9,2.0,2.4,2.3,2.3,2.8,2.7,2.0,1.8,1.7,1.5,2.1
52065020,CO,Barbacoas,Barbacoas,Narino,60,"78°8'6.6""W","1°40'21.8""N",3.0,3.2,3.3,3.9,3.4,3.1,3.3,2.9,2.1,2.3,2.4,2.6,3.0
52045020,SP,Apto Antonio Narin,Chachagui,Narino,1816,"77°17'27.1""W","1°23'38.7""N",5.4,5.0,4.5,4.7,5.2,6.1,6.7,6.7,5.7,5.2,5.1,5.2,5.5
52055030,CO,Bombona,Consaca,Narino,1493,"77°27'54.4""W","1°11'3.7""N",4.6,4.4,3.9,4.1,4.5,5.2,5.8,5.9,5.1,4.6,4.6,4.6,4.8
52055070,CO,Ospina Perez,Consaca,Narino,1700,"77°28'0.0""W","1°16'0.0""N",4.7,4.2,4.1,3.7,4.0,4.9,5.6,5.4,4.9,4.1,4.7,4.8,4.6
52055040,AM,Botana,Pasto,Narino,2820,"77°16'43.7""W","1°9'36.0""N",3.4,3.3,2.6,2.8,2.9,3.1,3.8,4.1,3.9,3.5,3.5,2.8,3.3
47015100,CP,Encano El,Pasto,Narino,2830,"77°9'41.3""W","1°9'35.8""N",3.2,2.7,2.1,2.0,2.0,2.1,2.1,2.2,2.4,2.9,3.1,3.3,2.5
52045010,AM,Obonuco,Pasto,Narino,2710,"77°18'11.1""W","1°11'53.6""N",3.6,3.1,2.7,2.8,3.0,3.4,3.6,3.6,3.3,3.3,3.5,3.5,3.3
47015080,CO,Monopamba,Puerres,Narino,1776,"77°18'13.0""W","0°48'17.7""N",2.7,2.1,1.6,1.7,1.7,1.3,1.3,1.5,2.0,2.6,3.2,2.9,2.0
51035020,CP,Cccp Dl Pacifico,San Andres de Tumaco,Narino,1,"78°43'48.0""W","1°49'9.0""N",3.7,4.5,5.1,5.1,4.0,3.7,4.2,4.6,3.5,3.5,3.3,3.4,4.0
51025010,AM,Mira El Gja,San Andres de Tumaco,Narino,16,"78°41'44.1""W","1°33'0.7""N",2.6,3.1,3.4,3.4,2.7,2.0,2.7,2.5,1.9,2.1,1.9,2.1,2.5
52045030,CO,San Bernardo,San Bernardo,Narino,2190,"77°1'57.4""W","1°32'19.4""N",4.0,3.6,3.1,3.4,3.8,4.6,5.2,5.3,4.5,3.9,3.4,3.6,4.0
52055090,CP,Sindagua,Tangua,Narino,2800,"77°23'21.7""W","1°6'27.3""N",3.9,3.6,3.1,3.3,3.7,4.1,5.1,5.1,4.5,4.1,3.8,3.8,4.0
52055020,CO,Paraiso El,Tuquerres,Narino,3120,"77°38'12.8""W","1°4'14.2""N",3.7,3.2,2.8,2.9,3.4,4.0,4.4,4.2,3.7,3.6,3.6,3.8,3.6
16055040,CP,Abrego Centro Admo,Abrego,Norte de Santander,1430,"73°13'23.0""W","8°5'14.0""N",7.0,6.2,5.5,4.5,4.7,5.5,6.1,5.6,4.8,4.7,5.2,6.1,5.5
23195180,CO,Esc Agr Cachira,Cachira,Norte de Santander,1882,"73°3'6.0""W","7°44'7.0""N",6.9,6.3,5.1,3.9,3.6,3.9,4.2,4.2,3.7,3.9,4.8,6.3,4.7
16015060,CO,Blonay,Chinacota,Norte de Santander,1235,"72°36'0.0""W","7°35'0.0""N",4.2,3.4,2.6,3.2,3.6,4.0,4.0,4.2,4.1,3.6,3.4,4.1,3.7
16055090,CP,Ins Agr Convencion,Convencion,Norte de Santander,1076,"73°20'38.0""W","8°28'14.0""N",5.5,4.8,4.1,3.8,4.8,6.1,6.9,6.7,5.5,5.2,5.0,4.4,5.3
16015010,SP,Apto Camilo Daza,Cucuta,Norte de Santander,250,"72°30'33.0""W","7°55'49.0""N",6.5,6.0,4.9,4.8,5.8,6.0,6.6,7.0,6.7,6.3,6.3,6.3,6.1
16025010,CP,Carmen de Tonchala,Cucuta,Norte de Santander,285,"72°33'58.0""W","7°50'56.0""N",4.7,4.5,3.6,3.5,4.6,4.8,5.6,6.1,5.8,5.1,4.6,4.3,4.8
16025040,CP,Cinera-Villa Olga,Cucuta,Norte de Santander,100,"72°28'7.0""W","8°10'4.0""N",5.1,4.7,3.6,3.6,5.4,5.8,6.4,6.8,6.1,5.7,5.2,4.2,5.2
16015040,CO,Sta Isabel,Cucuta,Norte de Santander,90,"72°26'0.0""W","8°14'0.0""N",5.0,4.9,4.2,4.3,5.5,5.9,6.6,6.9,6.5,5.8,5.2,4.3,5.4
16025020,CO,Risaralda,El Zulia,Norte de Santander,90,"72°32'0.0""W","8°14'0.0""N",5.0,4.8,4.7,4.1,5.4,5.4,6.5,6.4,6.2,5.3,4.8,4.4,5.2
16015090,CP,Tama Parque Nal,Herran,Norte de Santander,2500,"72°26'31.6""W","7°25'28.0""N",4.7,4.1,3.8,2.7,2.3,2.4,2.9,3.0,3.0,2.9,3.2,3.4,3.2
16055060,CO,Playa La,La Playa,Norte de Santander,1500,"73°14'6.0""W","8°13'3.0""N",6.0,5.6,4.8,4.1,4.5,5.8,6.6,6.2,4.8,4.6,4.6,5.2,5.2
16055010,CP,Apto Aguas Claras,Ocana,Norte de Santander,1435,"73°21'27.0""W","8°18'55.0""N",7.0,6.2,5.0,4.4,4.7,5.8,6.5,5.9,5.1,4.8,5.1,6.1,5.5
16055100,CO,Univ Fco P Santand,Ocana,Norte de Santander,1150,"73°19'20.0""W","8°14'16.0""N",5.8,5.3,4.0,3.6,4.1,5.0,5.8,5.3,4.2,4.2,4.0,4.7,4.7
16015020,AM,Iser Pamplona,Pamplona,Norte de Santander,2340,"72°38'42.0""W","7°22'23.2""N",5.2,4.6,3.8,3.3,3.5,3.7,4.1,4.5,4.5,4.0,4.0,4.6,4.2
16025060,CO,Francisco Romero,Salazar,Norte de Santander,1000,"72°48'0.0""W","7°46'0.0""N",3.6,3.1,2.7,2.8,3.9,4.4,5.1,5.0,4.8,3.8,3.5,3.7,3.9
16025030,CP,Salazar,Salazar,Norte de Santander,860,"72°49'50.0""W","7°46'28.5""N",4.8,4.1,3.3,3.2,4.2,4.9,5.3,5.9,5.5,5.0,4.6,4.5,4.6
37015010,CO,Silos,Silos,Norte de Santander,2765,"72°45'12.0""W","7°12'27.0""N",5.2,4.7,3.8,2.5,2.3,2.2,2.9,3.4,3.4,3.0,3.4,4.3,3.4
16035010,CO,Tibu,Tibu,Norte de Santander,50,"72°43'36.0""W","8°38'18.0""N",5.0,4.8,3.9,4.0,5.1,5.9,6.5,6.8,6.0,5.4,4.8,4.3,5.2
47015040,CO,Michoacan,Colon,Putumayo,2100,"76°53'1.0""W","1°10'44.1""N",3.2,2.7,2.0,2.0,1.7,1.2,1.2,1.7,2.1,2.8,3.3,3.2,2.3
44015040,CO,Mocoa Acueducto,Mocoa,Putumayo,650,"76°39'6.6""W","1°9'26.4""N",3.2,3.0,2.6,2.7,2.4,2.2,2.4,3.0,3.6,3.8,3.6,3.6,3.0
47045010,CO,Pto Leguizamo,Puerto Leguizamo,Putumayo,147,"74°46'34.6""W","0°10'50.2""N",5.3,4.3,3.4,3.2,3.3,3.2,3.5,4.3,4.7,4.8,4.9,5.0,4.2
44115020,AM,Tagua La,Puerto Leguizamo,Putumayo,153,"74°39'54.8""W","0°3'38.7""S",5.0,4.2,3.2,3.0,2.9,2.9,3.2,4.1,4.4,4.6,4.9,5.2,4.0
47015090,CO,Primavera La,Sibundoy,Putumayo,2067,"76°55'57.7""W","1°10'5.9""N",3.3,2.7,2.2,2.1,2.1,1.8,1.8,2.1,2.5,2.9,3.4,3.6,2.5
47015070,CO,Pto Umbria,Villagarzon,Putumayo,358,"76°34'13.6""W","0°50'20.3""N",4.4,3.5,2.8,3.0,2.9,2.7,2.9,3.8,4.2,4.6,4.4,4.5,3.6
44015010,AM,Villagarzon,Villagarzon,Putumayo,440,"76°37'9.3""W","1°2'3.3""N",3.4,2.9,2.2,2.5,2.3,1.8,2.3,2.8,3.5,3.7,3.6,3.2,2.8
26125060,SP,Apto El Eden,Armenia,Quindio,1229,"75°45'59.0""W","4°27'16.8""N",5.5,5.2,4.5,4.2,4.1,4.6,5.7,6.1,5.0,4.4,4.5,4.8,4.9
26125070,CO,Bella La,Calarca,Quindio,1450,"75°40'0.0""W","4°31'0.0""N",4.2,4.1,4.3,3.3,3.5,4.2,4.7,4.8,4.0,3.2,3.6,4.2,4.0
26135040,SP,Apto Matecana,Pereira,Risaralda,1342,"75°44'1.9""W","4°48'57.1""N",6.0,5.7,5.0,4.4,4.5,4.9,5.9,5.9,5.0,4.6,5.0,5.4,5.2
26135100,CO,Bohemia La,Pereira,Risaralda,970,"75°52'39.3""W","4°52'40.6""N",6.4,5.9,5.5,4.7,4.8,5.0,5.9,6.0,5.4,4.9,5.2,5.8,5.4
26135070,CO,Cedral El,Pereira,Risaralda,2120,"75°32'0.0""W","4°47'0.0""N",3.1,2.9,2.4,2.2,2.1,2.7,3.7,3.4,2.6,2.0,2.1,2.6,2.7
26135110,CO,Veracruz,Pereira,Risaralda,1720,"75°37'38.6""W","4°52'4.6""N",4.5,4.3,3.6,3.1,3.2,3.7,4.4,4.1,3.6,3.4,3.7,4.0,3.8
54015010,CO,Pueblo Rico,Pueblo Rico,Risaralda,1530,"76°1'52.1""W","5°14'1.6""N",4.1,3.7,3.1,2.9,3.2,3.5,4.1,4.1,3.0,3.1,3.6,3.8,3.5
26135060,CO,Jazmin El,Santa Rosa de Cabal,Risaralda,1600,"75°38'0.0""W","4°55'0.0""N",5.1,4.8,4.4,3.7,3.6,4.2,5.2,4.8,4.2,3.5,3.6,4.3,4.3
26145030,CO,Camelia La,Santuario,Risaralda,1650,"75°58'1.0""W","5°4'48.8""N",5.0,4.9,4.2,3.7,3.8,4.2,5.6,5.6,4.6,3.5,3.6,4.1,4.4
17025020,SP,Apto El Embrujo,Providencia,San Andres Providencia y Sta C,1,"81°21'0.0""W","13°21'0.0""N",7.5,8.2,8.7,8.9,7.6,6.5,6.9,7.6,6.7,6.0,5.9,6.5,7.2
23125060,CO,Albania,Albania,Santander,1690,"73°54'48.0""W","5°45'30.0""N",4.6,4.0,3.2,2.7,3.2,3.3,4.3,4.4,4.2,3.5,3.7,4.2,3.8
23155030,SP,Apto Yariguies,Barrancabermeja,Santander,126,"73°48'31.0""W","7°1'35.0""N",7.2,6.3,5.0,4.9,5.4,5.9,6.8,6.6,6.1,5.4,5.6,6.1,5.9
23195040,CP,Univ Ind Santander,Bucaramanga,Santander,1018,"73°7'20.0""W","7°8'41.0""N",5.9,4.3,3.3,3.6,3.7,3.0,3.8,3.8,3.6,3.5,4.4,5.3,4.0
24035260,CO,Capitanejo,Capitanejo,Santander,1160,"72°41'35.6""W","6°31'3.8""N",7.9,7.5,6.9,6.2,6.2,6.2,6.8,6.8,6.3,6.1,6.5,7.5,6.8
24035270,CO,Tinaga Gja,Cerrito,Santander,2698,"72°42'27.0""W","6°50'27.0""N",6.8,5.7,5.6,4.4,4.2,3.9,4.9,4.6,4.6,4.3,5.0,6.1,5.0
24025050,CO,Charala,Charala,Santander,1350,"73°9'2.0""W","6°16'27.0""N",6.9,6.3,5.2,4.7,4.6,4.7,5.2,5.2,4.9,5.1,5.5,6.3,5.4
23125120,CO,Cimitarra,Cimitarra,Santander,300,"73°57'8.0""W","6°18'31.0""N",6.0,5.8,4.4,4.9,5.7,6.1,6.6,6.7,6.0,5.7,5.5,5.6,5.8
23195130,SP,Apto Palonegro,Lebrija,Santander,1189,"73°11'4.3""W","7°7'17.3""N",6.8,5.9,4.7,4.6,4.8,4.8,5.3,5.3,5.0,4.9,4.9,5.8,5.2
24025040,CP,Esc Agr Mogotes,Mogotes,Santander,1667,"72°58'8.0""W","6°28'12.0""N",6.9,6.4,5.5,4.8,4.8,5.1,5.8,5.8,5.3,5.0,5.4,6.3,5.6
24025020,CP,Cucharo El,Pinchote,Santander,975,"73°11'57.0""W","6°31'56.0""N",7.3,6.7,6.1,5.7,5.8,6.1,6.7,6.6,6.0,5.6,6.3,6.9,6.3
23125040,CO,Campo Capote,Puerto Parra,Santander,180,"73°55'14.0""W","6°36'58.0""N",6.0,5.5,4.4,4.6,5.3,5.7,6.6,6.1,5.7,5.1,5.2,5.6,5.5
23185010,CP,Villa Leiva,Sabana de Torres,Santander,328,"73°32'14.0""W","7°27'22.0""N",7.5,6.5,5.0,4.7,5.1,5.6,6.4,6.2,5.7,5.3,5.5,6.5,5.8
23195200,CO,Cachiri,Surata,Santander,1850,"72°59'28.0""W","7°28'26.0""N",6.8,6.3,5.5,4.4,4.3,4.8,5.4,5.0,4.4,4.0,4.7,5.9,5.1
23195090,CO,Vivero Surata,Surata,Santander,1725,"72°59'15.0""W","7°21'57.0""N",6.7,6.2,5.3,4.3,4.0,4.3,5.1,5.0,4.6,4.2,5.0,5.8,5.1
37015020,CP,Berlin Automatica,Tona,Santander,3214,"72°52'7.0""W","7°11'13.0""N",7.2,6.4,5.2,3.8,3.5,3.5,4.0,4.3,4.4,4.1,4.9,6.4,4.8
24015270,CO,Velez Granja,Velez,Santander,2170,"73°40'22.0""W","5°59'50.0""N",6.7,6.1,4.9,4.0,4.2,4.8,5.3,5.4,5.0,4.3,4.8,6.2,5.2
24055030,CO,Zapatoca,Zapatoca,Santander,1810,"73°16'57.9""W","6°47'34.0""N",6.5,6.0,5.4,4.5,4.6,3.9,5.6,5.9,5.4,4.7,4.8,5.7,5.2
13095020,CP,Primates,Coloso,Sucre,200,"75°21'4.9""W","9°31'48.5""N",5.8,6.3,6.0,4.6,3.9,4.3,4.9,4.5,4.4,4.1,4.2,4.8,4.8
25025080,SS,Apto Rafael Barvo,Corozal,Sucre,166,"75°16'59.0""W","9°20'2.0""N",7.6,7.2,6.0,4.8,4.6,5.6,6.1,5.7,4.5,4.8,5.1,6.6,5.7
25025240,CP,Majagual,Majagual,Sucre,20,"74°38'25.0""W","8°32'47.0""N",6.8,6.7,5.3,4.5,4.5,5.4,6.2,6.0,5.0,4.9,5.6,5.8,5.6
25025270,AM,Univ de Sucre,Sampues,Sucre,160,"75°24'8.0""W","9°12'42.0""N",7.3,6.8,5.7,4.8,4.4,5.5,6.0,5.5,4.7,4.6,4.9,6.1,5.5
25025180,CO,San Benito Abad,San Benito Abad,Sucre,20,"75°2'11.0""W","8°56'7.0""N",8.2,7.7,6.2,5.7,5.2,6.3,7.0,6.8,5.7,5.8,6.0,7.2,6.5
21255080,CP,Salto El,Ambalema,Tolima,450,"74°46'4.6""W","4°47'1.5""N",6.3,5.7,4.8,4.9,5.4,5.7,6.4,6.3,5.8,5.4,5.6,5.9,5.7
21255090,CP,Armero Gja,Armero,Tolima,300,"74°54'37.8""W","5°0'9.7""N",6.8,6.1,5.2,5.3,5.7,6.5,7.0,6.9,6.4,6.0,6.1,6.2,6.2
22055020,CO,Mesa de Pole,Ataco,Tolima,500,"75°32'22.8""W","3°27'31.2""N",4.6,4.3,4.0,3.8,4.1,4.6,4.5,4.5,4.3,3.9,4.1,4.4,4.3
21215100,CO,Cajamarca,Cajamarca,Tolima,1920,"75°25'28.5""W","4°26'29.4""N",5.2,4.9,4.4,3.8,4.0,4.1,4.4,4.3,4.3,4.2,4.3,4.8,4.4
22045010,CO,Demostracion Gja,Chaparral,Tolima,1040,"75°30'12.5""W","3°43'20.9""N",5.9,5.6,4.8,4.9,5.5,5.7,5.8,5.8,5.6,5.2,5.0,5.8,5.5
21155040,CO,Dolores Hda Madron,Dolores,Tolima,1456,"74°54'20.8""W","3°31'59.0""N",6.2,5.5,4.5,4.6,5.1,5.8,6.0,6.1,5.2,4.8,4.7,5.5,5.3
21185020,AM,Nataima,Espinal,Tolima,431,"74°57'34.2""W","4°11'15.4""N",6.2,5.7,5.2,5.1,5.5,5.8,6.3,6.5,6.0,5.7,5.6,5.8,5.8
21185040,CO,Apto Santiago Vila,Flandes,Tolima,286,"74°47'54.4""W","4°16'39.4""N",6.7,6.1,5.4,5.4,5.7,6.0,6.4,6.4,6.2,6.1,6.1,6.4,6.1
21185030,CP,Guamo,Guamo,Tolima,360,"74°58'52.8""W","4°0'32.2""N",6.4,5.7,4.6,4.7,5.1,5.4,5.9,5.9,5.4,5.5,5.5,5.6,5.5
23025020,CO,Esperanza La,Honda,Tolima,222,"74°43'45.0""W","5°15'46.0""N",6.5,5.9,4.9,4.9,5.7,6.0,6.7,6.6,6.0,5.6,5.8,6.1,5.9
21245040,SS,Apto Perales,Ibague,Tolima,928,"75°8'54.3""W","4°25'48.4""N",5.8,5.1,4.5,4.6,5.0,5.6,6.2,6.3,6.0,5.1,4.7,5.3,5.3
21215140,ME,Cementos Diamante,Ibague,Tolima,780,"75°4'50.4""W","4°19'52.7""N",6.5,5.7,5.0,5.0,5.6,5.8,6.5,6.3,5.7,5.4,5.8,6.1,5.8
21245010,CO,Perales Hato Opia,Ibague,Tolima,750,"75°5'14.9""W","4°25'23.3""N",5.9,5.2,4.6,4.5,5.1,5.7,6.3,6.4,5.8,5.1,4.8,5.5,5.4
21255150,CP,Garcia Hda,Lerida,Tolima,350,"74°53'29.6""W","4°51'19.5""N",6.8,6.4,5.5,5.5,5.9,6.6,7.2,7.1,6.7,6.2,6.4,6.5,6.4
21255140,CP,Quinta La,Lerida,Tolima,500,"74°55'14.5""W","4°49'17.8""N",6.7,6.2,5.2,5.4,5.5,6.3,6.9,7.1,6.6,6.1,6.1,6.4,6.2
21135030,CP,Anchique,Natagaima,Tolima,415,"75°6'32.4""W","3°34'25.8""N",7.4,6.6,5.8,5.8,6.3,6.4,6.8,6.8,6.5,6.3,6.3,6.8,6.5
22025010,CP,Apto Planadas,Planadas,Tolima,1355,"75°40'0.0""W","3°10'0.0""N",4.7,4.2,3.9,3.6,4.0,4.1,3.9,4.3,4.0,3.1,4.0,5.0,4.1
21165010,CO,Pst de Monta,Prado,Tolima,349,"74°55'1.0""W","3°47'15.5""N",6.5,5.8,4.8,4.6,4.8,5.4,5.8,5.9,5.4,5.7,5.7,6.0,5.6
21165030,CO,Lozania,Purificacion,Tolima,400,"74°46'24.3""W","3°53'46.4""N",6.2,5.5,4.5,4.0,4.5,4.9,5.4,5.2,4.8,4.9,5.3,5.9,5.1
22055030,CO,Sta Helena,Purificacion,Tolima,300,"74°53'55.7""W","3°59'9.8""N",4.1,3.8,3.3,3.3,4.0,5.6,5.9,6.2,5.3,3.6,3.5,3.9,4.4
21135020,CO,Jabalcon,Saldana,Tolima,425,"75°0'56.6""W","3°51'20.8""N",6.7,5.9,5.1,4.9,5.0,5.3,5.8,5.9,5.7,5.8,5.8,6.3,5.7
22065040,CO,San Antonio Quinta,San Antonio,Tolima,1500,"75°29'16.9""W","3°54'24.9""N",5.5,5.0,4.4,4.2,4.8,4.9,5.1,5.2,5.0,4.9,4.5,5.4,4.9
23025040,CO,Albania,San Sebastian de Mariquita,Tolima,500,"74°54'57.0""W","5°17'51.0""N",5.7,5.4,4.5,4.9,5.1,5.8,6.3,6.4,5.8,5.5,5.0,5.1,5.5
21255120,CO,Villahermosa,Villahermosa,Tolima,2029,"75°7'2.0""W","5°1'36.0""N",4.3,3.8,3.7,3.6,4.3,5.5,6.0,6.0,5.1,4.1,3.5,4.1,4.5
54035020,CO,Argelia El Recreo,Argelia,Valle del Cauca,1600,"76°7'0.0""W","4°44'0.0""N",4.0,3.9,3.7,3.7,3.7,4.2,5.2,5.2,4.2,3.4,3.5,3.6,4.0
53115010,SP,Apto Buenaventura,Buenaventura,Valle del Cauca,14,"76°59'32.4""W","3°49'12.7""N",2.8,3.1,3.1,3.5,3.2,3.3,3.7,4.0,3.1,3.2,2.9,2.8,3.2
54075020,CO,Bajo Calima,Buenaventura,Valle del Cauca,50,"76°59'24.9""W","3°57'13.0""N",2.9,2.8,2.5,2.7,2.6,2.5,2.8,2.7,2.3,2.3,2.5,2.7,2.6
53115020,CP,Colpuertos,Buenaventura,Valle del Cauca,10,"77°4'0.0""W","3°53'0.0""N",3.9,4.0,3.8,3.8,3.8,3.9,4.4,4.1,3.7,3.6,3.6,3.6,3.8
54075040,CO,Mision La,Buenaventura,Valle del Cauca,5,"77°16'34.7""W","4°13'21.1""N",2.5,2.8,2.7,2.8,2.6,2.5,2.7,2.8,2.2,2.3,2.1,2.2,2.5
26055070,CP,Univ del Valle,Cali,Valle del Cauca,985,"76°32'1.6""W","3°22'40.8""N",5.4,5.2,5.0,4.6,4.6,5.2,6.0,6.0,5.1,4.5,4.5,4.8,5.1
26095080,CO,Tenerife,El Cerrito,Valle del Cauca,2609,"76°4'29.4""W","3°43'47.8""N",5.0,4.4,3.9,3.2,3.4,4.1,4.5,4.5,4.0,3.5,3.3,4.1,4.0
26075080,AM,Cenicana,Florida,Valle del Cauca,1013,"76°17'57.9""W","3°21'38.6""N",5.8,5.4,5.1,4.6,4.4,5.1,5.5,5.7,5.0,5.1,4.7,5.3,5.1
26095230,AM,Vinculo El,Guadalajara de Buga,Valle del Cauca,979,"76°17'58.3""W","3°50'6.7""N",5.7,5.6,5.1,4.5,4.5,5.1,5.8,5.6,4.8,4.8,4.8,5.2,5.1
26115040,CP,Cent Admo La Union,La Union,Valle del Cauca,920,"76°3'43.8""W","4°31'52.6""N",4.9,4.8,4.9,4.3,4.4,4.6,5.9,5.9,4.9,4.4,4.4,4.5,4.8
26075040,SP,Apto A Bonilla,Palmira,Valle del Cauca,961,"76°23'8.1""W","3°32'0.0""N",5.8,5.6,5.2,4.7,4.6,5.0,5.9,6.1,5.3,5.0,5.1,5.3,5.3
26075010,AM,Palmira Ica,Palmira,Valle del Cauca,1050,"76°18'54.1""W","3°30'48.2""N",5.4,5.3,4.6,4.4,4.3,4.7,5.6,5.6,4.9,4.7,4.8,5.2,5.0
26095180,CO,San Emigdio,Palmira,Valle del Cauca,1272,"76°12'0.0""W","3°33'0.0""N",4.5,4.3,3.9,3.4,3.3,3.5,4.1,4.3,3.6,3.6,3.3,3.8,3.8
53115030,CO,Julio Fernandez,Restrepo,Valle del Cauca,1360,"76°31'0.0""W","3°49'0.0""N",5.0,4.9,4.9,4.2,4.1,4.5,5.2,5.2,4.4,3.8,3.9,5.0,4.6
26125130,CO,Cumbarco,Sevilla,Valle del Cauca,1692,"75°49'56.5""W","4°11'6.1""N",4.2,3.9,3.3,2.8,3.0,3.7,4.6,4.5,3.5,2.8,3.0,3.3,3.6
26085130,CO,Buitrera La,Yumbo,Valle del Cauca,1500,"76°34'0.0""W","3°35'0.0""N",3.5,3.5,3.2,2.8,2.6,2.9,4.1,4.6,3.7,3.0,2.6,2.7,3.3
26105110,CO,Ing Riopaila,Zarzal,Valle del Cauca,941,"76°4'56.7""W","4°19'5.6""N",5.7,5.9,5.2,4.8,5.0,5.3,5.9,6.2,5.7,5.0,4.9,4.9,5.4
33055010,CO,Cumaribo,Cumaribo,Vichada,125,"69°48'12.0""W","4°29'41.0""N",7.6,7.2,5.6,4.5,3.9,3.6,4.0,4.3,5.1,5.5,6.2,7.1,5.4
34015010,SP,Gaviotas Las,Cumaribo,Vichada,171,"70°55'48.4""W","4°33'14.2""N",8.2,7.2,5.4,4.4,3.8,3.7,3.9,4.2,5.0,5.3,5.7,7.0,5.3
34035020,CO,Tapon El,Cumaribo,Vichada,315,"69°8'54.2""W","5°6'43.3""N",8.0,7.4,6.3,4.7,3.7,3.8,3.9,4.2,4.9,5.1,6.1,7.1,5.4
34035010,CO,Tuparro Bocas Tomo,Cumaribo,Vichada,250,"67°51'29.7""W","5°21'11.3""N",8.3,7.9,6.7,5.2,4.5,3.9,4.4,5.0,5.3,6.0,6.6,7.9,6.0
38015030,CP,Apto Pto Carreno,Puerto Carreno,Vichada,50,"67°29'28.4""W","6°10'56.7""N",8.4,8.2,7.2,5.7,4.6,4.2,4.5,4.8,5.4,6.3,6.9,7.7,6.2
